Repository,User,Pull number,Test,Situation
D-Programming-Language/dmd,belka-ew,8285,TRUE,Merged
D-Programming-Language/dmd,bioinfornatics,1259,TRUE,Merged
D-Programming-Language/dmd,damianday,3628,TRUE,Merged
D-Programming-Language/dmd,don-clugston-sociomantic,3587,TRUE,Merged
D-Programming-Language/dmd,dragoon2014,3868,TRUE,Merged
D-Programming-Language/dmd,dsp,4982,TRUE,Merged
D-Programming-Language/dmd,etcimon,4015,TRUE,Merged
D-Programming-Language/dmd,flaviommedeiros,5277,TRUE,Merged
D-Programming-Language/dmd,gapdan,8486,TRUE,Merged
D-Programming-Language/dmd,jcrapuchettes,3744,TRUE,Merged
D-Programming-Language/dmd,jholewinski,1240,TRUE,Merged
D-Programming-Language/dmd,jordisayol,1981,TRUE,Merged
D-Programming-Language/dmd,lgvz,8334,TRUE,Merged
D-Programming-Language/dmd,ltcmelo,3822,TRUE,Merged
D-Programming-Language/dmd,MasonMcGill,3530,TRUE,Merged
D-Programming-Language/dmd,monarchdodra,1277,TRUE,Merged
D-Programming-Language/dmd,nazriel,3264,TRUE,Merged
D-Programming-Language/dmd,ohjames,648,TRUE,Merged
D-Programming-Language/dmd,pjotrp,8701,TRUE,Merged
D-Programming-Language/dmd,pszturmaj,1155,TRUE,Merged
D-Programming-Language/dmd,rawler,56,TRUE,Merged
D-Programming-Language/dmd,RB-01,8795,TRUE,Merged
D-Programming-Language/dmd,rikkimax,3920,TRUE,Merged
D-Programming-Language/dmd,skl131313,7972,TRUE,Merged
D-Programming-Language/dmd,Temtaime,4173,TRUE,Merged
D-Programming-Language/dmd,TheDharc,5265,TRUE,Merged
D-Programming-Language/dmd,timesqueezer,625,TRUE,Merged
D-Programming-Language/dmd,torarin,65,TRUE,Merged
D-Programming-Language/dmd,WebDrake,5381,TRUE,Merged
HuiLi/Sqlite3.07.14,anrui123,437,TRUE,Merged
linuxmint/Cinnamon,arbrandes,640,TRUE,Merged
linuxmint/Cinnamon,izacus,587,TRUE,Merged
mapserver/mapserver,3x0dv5,5599,TRUE,Merged
mapserver/mapserver,akrherz,4579,TRUE,Merged
mapserver/mapserver,BernardBielecki,5482,TRUE,Merged
mapserver/mapserver,bjoernboldt,5412,TRUE,Merged
mapserver/mapserver,blazek,5296,TRUE,Merged
mapserver/mapserver,buildrz,4778,TRUE,Merged
mapserver/mapserver,jisakiel,4941,TRUE,Merged
mapserver/mapserver,theduckylittle,5488,TRUE,Merged
mruby/mruby,devnexen,3163,TRUE,Merged
mruby/mruby,drbrain,2594,TRUE,Merged
mruby/mruby,eboda,3430,TRUE,Merged
mruby/mruby,emboss,462,TRUE,Merged
mruby/mruby,fl0l0u,3802,TRUE,Merged
mruby/mruby,hhc0null,3394,TRUE,Merged
mruby/mruby,hlogmans,3093,TRUE,Merged
mruby/mruby,JackDanger,1470,TRUE,Merged
mruby/mruby,kenhys,3091,TRUE,Merged
mruby/mruby,lateau,1189,TRUE,Merged
mruby/mruby,MasahikoSawada,3701,TRUE,Merged
mruby/mruby,mauceri,567,TRUE,Merged
mruby/mruby,pje,1753,TRUE,Merged
mruby/mruby,pra85,3084,TRUE,Merged
mruby/mruby,r-obert,3449,TRUE,Merged
mruby/mruby,santazhang,2418,TRUE,Merged
mruby/mruby,Shokuji,3884,TRUE,Merged
mruby/mruby,SHyx0rmZ,2429,TRUE,Merged
mruby/mruby,sorah,3380,TRUE,Merged
mruby/mruby,takkanm,2347,TRUE,Merged
mruby/mruby,utkarshkukreti,2143,TRUE,Merged
mruby/mruby,val00274,3080,TRUE,Merged
mruby/mruby,yamori813,3923,TRUE,Merged
mruby/mruby,yhara,3312,TRUE,Merged
mruby/mruby,yoshida-mediba,2885,TRUE,Merged
mruby/mruby,znz,4072,TRUE,Merged
neovim/neovim,123vivekr,8926,TRUE,Merged
neovim/neovim,284km,7465,TRUE,Merged
neovim/neovim,adamlamers,1068,TRUE,Merged
neovim/neovim,akarle,8452,TRUE,Merged
neovim/neovim,akelson,1763,TRUE,Merged
neovim/neovim,ArnossArnossi,7505,TRUE,Merged
neovim/neovim,bb010g,8692,TRUE,Merged
neovim/neovim,bennyyip,7984,TRUE,Merged
neovim/neovim,bohrshaw,3657,TRUE,Merged
neovim/neovim,bountysource-support,853,TRUE,Merged
neovim/neovim,brettanomyces,4267,TRUE,Merged
neovim/neovim,catlee,8311,TRUE,Merged
neovim/neovim,chielk,4540,TRUE,Merged
neovim/neovim,chocolatemelt,4423,TRUE,Merged
neovim/neovim,cjlucas,5546,TRUE,Merged
neovim/neovim,clason,7751,TRUE,Merged
neovim/neovim,cre8tor,2146,TRUE,Merged
neovim/neovim,danthedeckie,1632,TRUE,Merged
neovim/neovim,davidgaleano,6914,TRUE,Merged
neovim/neovim,demelev,5919,TRUE,Merged
neovim/neovim,Dissonant-Tech,904,TRUE,Merged
neovim/neovim,dncnmcdougall,5424,TRUE,Merged
neovim/neovim,doubleloop,7924,TRUE,Merged
neovim/neovim,dvejmz,7422,TRUE,Merged
neovim/neovim,eraserhd,8831,TRUE,Merged
neovim/neovim,EricR86,7446,TRUE,Merged
neovim/neovim,fowles,5192,TRUE,Merged
neovim/neovim,fritschy,5880,TRUE,Merged
neovim/neovim,gauravdesale,8918,TRUE,Merged
neovim/neovim,glebtv,1879,TRUE,Merged
neovim/neovim,gvassallo,9124,TRUE,Merged
neovim/neovim,gyscos,6268,TRUE,Merged
neovim/neovim,hanetzer,8199,TRUE,Merged
neovim/neovim,ix5,8976,TRUE,Merged
neovim/neovim,jacob-butler,8329,TRUE,Merged
neovim/neovim,jbernard,8371,TRUE,Merged
neovim/neovim,jdelkins,4764,TRUE,Merged
neovim/neovim,jeanguyomarch,7897,TRUE,Merged
neovim/neovim,Jeonghan-Seok,6526,TRUE,Merged
neovim/neovim,jgouly,953,TRUE,Merged
neovim/neovim,jleclanche,3141,TRUE,Merged
neovim/neovim,jms8732,6627,TRUE,Merged
neovim/neovim,jonthn,1332,TRUE,Merged
neovim/neovim,jorgesumle,5632,TRUE,Merged
neovim/neovim,kalekundert,9131,TRUE,Merged
neovim/neovim,kalikiana,7917,TRUE,Merged
neovim/neovim,ktchen14,2993,TRUE,Merged
neovim/neovim,laserswald,1283,TRUE,Merged
neovim/neovim,lincheney,8485,TRUE,Merged
neovim/neovim,malept,5441,TRUE,Merged
neovim/neovim,manasthakur,6743,TRUE,Merged
neovim/neovim,martsbradley,5530,TRUE,Merged
neovim/neovim,Marwes,7657,TRUE,Merged
neovim/neovim,MattWis,2041,TRUE,Merged
neovim/neovim,mbudde,4994,TRUE,Merged
neovim/neovim,motersen,1605,TRUE,Merged
neovim/neovim,muarachmann,9149,TRUE,Merged
neovim/neovim,nadya-p,8821,TRUE,Merged
neovim/neovim,nathanl,8762,TRUE,Merged
neovim/neovim,nfnty,5736,TRUE,Merged
neovim/neovim,noahfrederick,4167,TRUE,Merged
neovim/neovim,NovaDev94,5362,TRUE,Merged
neovim/neovim,ordovicia,7514,TRUE,Merged
neovim/neovim,pbhandari,2247,TRUE,Merged
neovim/neovim,peskal,7653,TRUE,Merged
neovim/neovim,PurinLord,6305,TRUE,Merged
neovim/neovim,quinoa42,7340,TRUE,Merged
neovim/neovim,Risto-Stevcev,8107,TRUE,Merged
neovim/neovim,rosston,3443,TRUE,Merged
neovim/neovim,samjjc,6384,TRUE,Merged
neovim/neovim,sassanh,6731,TRUE,Merged
neovim/neovim,sethwoodworth,1989,TRUE,Merged
neovim/neovim,skawouter,2945,TRUE,Merged
neovim/neovim,skeate,3339,TRUE,Merged
neovim/neovim,Snaipe,7414,TRUE,Merged
neovim/neovim,snowch,3603,TRUE,Merged
neovim/neovim,ssteinbach,2877,TRUE,Merged
neovim/neovim,stephenprater,6050,TRUE,Merged
neovim/neovim,Streetwalrus,4589,TRUE,Merged
neovim/neovim,submagr,7708,TRUE,Merged
neovim/neovim,svaante,6121,TRUE,Merged
neovim/neovim,symphorien,8307,TRUE,Merged
neovim/neovim,timjstewart,6939,TRUE,Merged
neovim/neovim,tomxtobin,4296,TRUE,Merged
neovim/neovim,waynr,6076,TRUE,Merged
neovim/neovim,whereswaldon,4984,TRUE,Merged
neovim/neovim,y2s82,9081,TRUE,Merged
neovim/neovim,yatesco,8520,TRUE,Merged
neovim/neovim,yjhan96,7232,TRUE,Merged
numpy/numpy,AaronCritchley,10716,TRUE,Merged
numpy/numpy,abdulmuneer,5496,TRUE,Merged
numpy/numpy,adamreeve,4804,TRUE,Merged
numpy/numpy,AetherUnbound,12106,TRUE,Merged
numpy/numpy,ajdavis,8526,TRUE,Merged
numpy/numpy,akesandgren,3162,TRUE,Merged
numpy/numpy,alexbeloi,8051,TRUE,Merged
numpy/numpy,alvarosg,8190,TRUE,Merged
numpy/numpy,alyssaq,11567,TRUE,Merged
numpy/numpy,andportnoy,10676,TRUE,Merged
numpy/numpy,andreabedini,5889,TRUE,Merged
numpy/numpy,andu97,9892,TRUE,Merged
numpy/numpy,AnishShah,7134,TRUE,Merged
numpy/numpy,asford,3187,TRUE,Merged
numpy/numpy,aurel32,10832,TRUE,Merged
numpy/numpy,baeuml,2920,TRUE,Merged
numpy/numpy,befelix,8474,TRUE,Merged
numpy/numpy,behrmann,8596,TRUE,Merged
numpy/numpy,bennorth,8187,TRUE,Merged
numpy/numpy,bjoernthiel,10444,TRUE,Merged
numpy/numpy,bodtc,420,TRUE,Merged
numpy/numpy,brettrmurphy,4713,TRUE,Merged
numpy/numpy,brsr,8421,TRUE,Merged
numpy/numpy,bsipocz,6199,TRUE,Merged
numpy/numpy,bspinnler,3911,TRUE,Merged
numpy/numpy,bsteffensmeier,7229,TRUE,Merged
numpy/numpy,CAM-Gerlach,11642,TRUE,Merged
numpy/numpy,cancan101,8610,TRUE,Merged
numpy/numpy,carterbox,7896,TRUE,Merged
numpy/numpy,ceball,4289,TRUE,Merged
numpy/numpy,cel4,4960,TRUE,Merged
numpy/numpy,ChanderG,6131,TRUE,Merged
numpy/numpy,ChienliMa,4751,TRUE,Merged
numpy/numpy,cianci,372,TRUE,Merged
numpy/numpy,d5h,2794,TRUE,Merged
numpy/numpy,dakotalk,7863,TRUE,Merged
numpy/numpy,danielballan,11566,TRUE,Merged
numpy/numpy,danieljfarrell,3653,TRUE,Merged
numpy/numpy,DanielSank,5605,TRUE,Merged
numpy/numpy,daschaich,7671,TRUE,Merged
numpy/numpy,davidjn,8897,TRUE,Merged
numpy/numpy,DavidPowell,5636,TRUE,Merged
numpy/numpy,DavidToca,8643,TRUE,Merged
numpy/numpy,depristo,4765,TRUE,Merged
numpy/numpy,diego898,4637,TRUE,Merged
numpy/numpy,DmitriyValetov,9900,TRUE,Merged
numpy/numpy,drabach,8602,TRUE,Merged
numpy/numpy,drasmuss,7597,TRUE,Merged
numpy/numpy,dzagorny,6242,TRUE,Merged
numpy/numpy,eamartin,6057,TRUE,Merged
numpy/numpy,ecprice,3592,TRUE,Merged
numpy/numpy,ElieGouzien,9332,TRUE,Merged
numpy/numpy,emmenlau,7817,TRUE,Merged
numpy/numpy,EricSchles,12032,TRUE,Merged
numpy/numpy,eugene536,8695,TRUE,Merged
numpy/numpy,evanlimanto,8569,TRUE,Merged
numpy/numpy,faucon,6126,TRUE,Merged
numpy/numpy,fhs,3431,TRUE,Merged
numpy/numpy,flying-sheep,8667,TRUE,Merged
numpy/numpy,fo40225,10576,TRUE,Merged
numpy/numpy,FrancescAlted,267,TRUE,Merged
numpy/numpy,fred-lefebvre,10740,TRUE,Merged
numpy/numpy,g2p,2765,TRUE,Merged
numpy/numpy,Gabriel-p,5051,TRUE,Merged
numpy/numpy,GaelVaroquaux,2745,TRUE,Merged
numpy/numpy,garyo,4064,TRUE,Merged
numpy/numpy,gertingold,5623,TRUE,Merged
numpy/numpy,godber,4883,TRUE,Merged
numpy/numpy,gopalmeena,6831,TRUE,Merged
numpy/numpy,griffin-h,6679,TRUE,Merged
numpy/numpy,gthomsen,6064,TRUE,Merged
numpy/numpy,gyk,11754,TRUE,Merged
numpy/numpy,hamukazu,11203,TRUE,Merged
numpy/numpy,HaroldMills,3482,TRUE,Merged
numpy/numpy,heroxbd,8618,TRUE,Merged
numpy/numpy,hgomersall,219,TRUE,Merged
numpy/numpy,Hoops,3453,TRUE,Merged
numpy/numpy,hrw,2900,TRUE,Merged
numpy/numpy,hvy,10745,TRUE,Merged
numpy/numpy,Iceman9,6660,TRUE,Merged
numpy/numpy,ilam,4823,TRUE,Merged
numpy/numpy,ImportanceOfBeingErnest,8978,TRUE,Merged
numpy/numpy,inducer,3500,TRUE,Merged
numpy/numpy,int3,4525,TRUE,Merged
numpy/numpy,isedwards,2697,TRUE,Merged
numpy/numpy,isuruf,11525,TRUE,Merged
numpy/numpy,iwiwi,8326,TRUE,Merged
numpy/numpy,jamadden,3820,TRUE,Merged
numpy/numpy,jess010,4619,TRUE,Merged
numpy/numpy,jesseakt,8678,TRUE,Merged
numpy/numpy,jgehrcke,4215,TRUE,Merged
numpy/numpy,jiangnanhugo,10684,TRUE,Merged
numpy/numpy,jisaacso,5947,TRUE,Merged
numpy/numpy,jleahy,9336,TRUE,Merged
numpy/numpy,jlmuir,11950,TRUE,Merged
numpy/numpy,jmozmoz,3441,TRUE,Merged
numpy/numpy,jmrosen155,5731,TRUE,Merged
numpy/numpy,johntyree,5616,TRUE,Merged
numpy/numpy,jonathanunderwood,6355,TRUE,Merged
numpy/numpy,jor-,11503,TRUE,Merged
numpy/numpy,jorisvandenbossche,5914,TRUE,Merged
numpy/numpy,jove1,4377,TRUE,Merged
numpy/numpy,jphalip,3002,TRUE,Merged
numpy/numpy,jtpio,7417,TRUE,Merged
numpy/numpy,jurnix,4453,TRUE,Merged
numpy/numpy,jusjusjus,9893,TRUE,Merged
numpy/numpy,keflavich,3257,TRUE,Merged
numpy/numpy,khaeru,350,TRUE,Merged
numpy/numpy,kitchoi,10278,TRUE,Merged
numpy/numpy,kiwifb,6656,TRUE,Merged
numpy/numpy,kjordahl,7747,TRUE,Merged
numpy/numpy,Kreiswolke,5584,TRUE,Merged
numpy/numpy,ktisha,7639,TRUE,Merged
numpy/numpy,kumanna,3436,TRUE,Merged
numpy/numpy,levitsky,5572,TRUE,Merged
numpy/numpy,louispotok,10708,TRUE,Merged
numpy/numpy,loujine,472,TRUE,Merged
numpy/numpy,madsmpedersen,5371,TRUE,Merged
numpy/numpy,mamikonyan,4920,TRUE,Merged
numpy/numpy,marshallward,7445,TRUE,Merged
numpy/numpy,matejak,7530,TRUE,Merged
numpy/numpy,mathijs-dumon,4722,TRUE,Merged
numpy/numpy,maxalbert,3122,TRUE,Merged
numpy/numpy,mcmtroffaes,6630,TRUE,Merged
numpy/numpy,mengt,6465,TRUE,Merged
numpy/numpy,mfkasim91,11961,TRUE,Merged
numpy/numpy,MichaelAquilina,4762,TRUE,Merged
numpy/numpy,MichaelCurrie,5770,TRUE,Merged
numpy/numpy,michelmno,4550,TRUE,Merged
numpy/numpy,minrk,8762,TRUE,Merged
numpy/numpy,msabramo,290,TRUE,Merged
numpy/numpy,musically-ut,6065,TRUE,Merged
numpy/numpy,nafest,9814,TRUE,Merged
numpy/numpy,naritta,5726,TRUE,Merged
numpy/numpy,naveenarun,8080,TRUE,Merged
numpy/numpy,ncgeib,10624,TRUE,Merged
numpy/numpy,ndjensen,6072,TRUE,Merged
numpy/numpy,NeilGirdhar,3986,TRUE,Merged
numpy/numpy,newville,5592,TRUE,Merged
numpy/numpy,nforro,7515,TRUE,Merged
numpy/numpy,njase,8081,TRUE,Merged
numpy/numpy,nkoep,3918,TRUE,Merged
numpy/numpy,notsimon,4849,TRUE,Merged
numpy/numpy,olamilekan000,11057,TRUE,Merged
numpy/numpy,orbit-stabilizer,10054,TRUE,Merged
numpy/numpy,orestisf1993,10831,TRUE,Merged
numpy/numpy,pchanial,10872,TRUE,Merged
numpy/numpy,pdebuyl,8020,TRUE,Merged
numpy/numpy,person142,8183,TRUE,Merged
numpy/numpy,peterjc,2725,TRUE,Merged
numpy/numpy,Phaiax,6797,TRUE,Merged
numpy/numpy,pmehta1203,10842,TRUE,Merged
numpy/numpy,potocpav,8327,TRUE,Merged
numpy/numpy,prateeks92,10658,TRUE,Merged
numpy/numpy,pslacerda,8050,TRUE,Merged
numpy/numpy,r0fls,6653,TRUE,Merged
numpy/numpy,RobberPhex,5203,TRUE,Merged
numpy/numpy,rproepp,4502,TRUE,Merged
numpy/numpy,rtjd,4262,TRUE,Merged
numpy/numpy,sam09,7027,TRUE,Merged
numpy/numpy,saschpe,3616,TRUE,Merged
numpy/numpy,scivision,11813,TRUE,Merged
numpy/numpy,sh0nk,11556,TRUE,Merged
numpy/numpy,shivam2012,10406,TRUE,Merged
numpy/numpy,siavashserver,10711,TRUE,Merged
numpy/numpy,silenc3r,11440,TRUE,Merged
numpy/numpy,sjvs,11735,TRUE,Merged
numpy/numpy,sobomax,8227,TRUE,Merged
numpy/numpy,SoumitraAgarwal,6432,TRUE,Merged
numpy/numpy,soupault,9255,TRUE,Merged
numpy/numpy,stromnov,3992,TRUE,Merged
numpy/numpy,tapasweni-pathak,6916,TRUE,Merged
numpy/numpy,tdsmith,5865,TRUE,Merged
numpy/numpy,the-rccg,11299,TRUE,Merged
numpy/numpy,timmie,2710,TRUE,Merged
numpy/numpy,tkf,328,TRUE,Merged
numpy/numpy,TomasTomecek,3550,TRUE,Merged
numpy/numpy,tomyun,3403,TRUE,Merged
numpy/numpy,tonyo,5622,TRUE,Merged
numpy/numpy,troublemagnet,9343,TRUE,Merged
numpy/numpy,tyarkoni,3937,TRUE,Merged
numpy/numpy,udsami,9487,TRUE,Merged
numpy/numpy,vallis,5567,TRUE,Merged
numpy/numpy,vallsv,7922,TRUE,Merged
numpy/numpy,vedant,10068,TRUE,Merged
numpy/numpy,venthur,4307,TRUE,Merged
numpy/numpy,vrajmohan,5921,TRUE,Merged
numpy/numpy,vstinner,7401,TRUE,Merged
numpy/numpy,wenzao,3099,TRUE,Merged
numpy/numpy,wfspotz,3141,TRUE,Merged
numpy/numpy,wimglenn,5966,TRUE,Merged
numpy/numpy,wogsland,8494,TRUE,Merged
numpy/numpy,wufangjie,9469,TRUE,Merged
numpy/numpy,xabellan,7904,TRUE,Merged
numpy/numpy,yangli2,9672,TRUE,Merged
numpy/numpy,yotam,4913,TRUE,Merged
numpy/numpy,zed,46,TRUE,Merged
numpy/numpy,zengi,9022,TRUE,Merged
numpy/numpy,zindy,3450,TRUE,Merged
numpy/numpy,zyv,3524,TRUE,Merged
opentx/opentx,kabturek,3856,TRUE,Merged
opentx/opentx,kylemanna,1843,TRUE,Merged
scipy/scipy,Acebulf,4865,TRUE,Merged
scipy/scipy,ageitgey,7106,TRUE,Merged
scipy/scipy,ahjulstad,4511,TRUE,Merged
scipy/scipy,akhmerov,8803,TRUE,Merged
scipy/scipy,alchemyst,3186,TRUE,Merged
scipy/scipy,aman-thakral,4430,TRUE,Merged
scipy/scipy,andportnoy,7377,TRUE,Merged
scipy/scipy,andreas-kopecky,5147,TRUE,Merged
scipy/scipy,andrewning,2830,TRUE,Merged
scipy/scipy,andycasey,3617,TRUE,Merged
scipy/scipy,annesylvie,7498,TRUE,Merged
scipy/scipy,aolsux,5536,TRUE,Merged
scipy/scipy,astronomeralex,3657,TRUE,Merged
scipy/scipy,Atcold,8970,TRUE,Merged
scipy/scipy,auvipy,8872,TRUE,Merged
scipy/scipy,Axiru,4643,TRUE,Merged
scipy/scipy,bagibence,8740,TRUE,Merged
scipy/scipy,bdvd,6075,TRUE,Merged
scipy/scipy,bernardosulzbach,5469,TRUE,Merged
scipy/scipy,beyondmetis,6021,TRUE,Merged
scipy/scipy,bgrant,2887,TRUE,Merged
scipy/scipy,bgth,9320,TRUE,Merged
scipy/scipy,bjodah,3205,TRUE,Merged
scipy/scipy,black-puppydog,4563,TRUE,Merged
scipy/scipy,bmorris3,6828,TRUE,Merged
scipy/scipy,bsipocz,4143,TRUE,Merged
scipy/scipy,bulli92,3083,TRUE,Merged
scipy/scipy,CallumJHays,5557,TRUE,Merged
scipy/scipy,cancan101,3107,TRUE,Merged
scipy/scipy,cel4,4924,TRUE,Merged
scipy/scipy,Chais,9149,TRUE,Merged
scipy/scipy,chenb67,5855,TRUE,Merged
scipy/scipy,cmutel,6578,TRUE,Merged
scipy/scipy,cod3licious,6997,TRUE,Merged
scipy/scipy,cpaulik,5044,TRUE,Merged
scipy/scipy,cpcloud,2893,TRUE,Merged
scipy/scipy,ctokheim,3881,TRUE,Merged
scipy/scipy,cwrowley,4672,TRUE,Merged
scipy/scipy,daggerdagr,4770,TRUE,Merged
scipy/scipy,danielsjensen1,4799,TRUE,Merged
scipy/scipy,ddasilva,6557,TRUE,Merged
scipy/scipy,dominicelse,7085,TRUE,Merged
scipy/scipy,drhirsch,5799,TRUE,Merged
scipy/scipy,duncanmmacleod,8969,TRUE,Merged
scipy/scipy,emanuele,3248,TRUE,Merged
scipy/scipy,emptymalei,6246,TRUE,Merged
scipy/scipy,erosennin,4769,TRUE,Merged
scipy/scipy,essicolo,6979,TRUE,Merged
scipy/scipy,FabricioS,2923,TRUE,Merged
scipy/scipy,FlorianWilhelm,4316,TRUE,Merged
scipy/scipy,foogod,3646,TRUE,Merged
scipy/scipy,fredludlow,3940,TRUE,Merged
scipy/scipy,fredrikw,5296,TRUE,Merged
scipy/scipy,frewsxcv,3748,TRUE,Merged
scipy/scipy,futurulus,5248,TRUE,Merged
scipy/scipy,gauteh,7315,TRUE,Merged
scipy/scipy,gdmcbain,6351,TRUE,Merged
scipy/scipy,gregcaporaso,3781,TRUE,Merged
scipy/scipy,greyltc,6153,TRUE,Merged
scipy/scipy,guofei9987,7465,TRUE,Merged
scipy/scipy,habi,7234,TRUE,Merged
scipy/scipy,hameerabbasi,9105,TRUE,Merged
scipy/scipy,HenrikBengtsson,5928,TRUE,Merged
scipy/scipy,hickford,3433,TRUE,Merged
scipy/scipy,h-ikeda,6838,TRUE,Merged
scipy/scipy,hollowaytape,7449,TRUE,Merged
scipy/scipy,hugovk,8156,TRUE,Merged
scipy/scipy,hunse,3386,TRUE,Merged
scipy/scipy,inoryy,5722,TRUE,Merged
scipy/scipy,jackieleng,8667,TRUE,Merged
scipy/scipy,jagaudin,8232,TRUE,Merged
scipy/scipy,jakirkham,9224,TRUE,Merged
scipy/scipy,jankoslavic,4347,TRUE,Merged
scipy/scipy,jdamp,9343,TRUE,Merged
scipy/scipy,jeanpauphilet,4117,TRUE,Merged
scipy/scipy,jed-frey,6868,TRUE,Merged
scipy/scipy,jmacfarlane,6564,TRUE,Merged
scipy/scipy,jmoy,7337,TRUE,Merged
scipy/scipy,joergdietrich,3182,TRUE,Merged
scipy/scipy,johschmitz,6483,TRUE,Merged
scipy/scipy,JustinL42,2955,TRUE,Merged
scipy/scipy,kain88-de,3052,TRUE,Merged
scipy/scipy,katrinleinweber,8829,TRUE,Merged
scipy/scipy,keuj6,6769,TRUE,Merged
scipy/scipy,kilojoules,6936,TRUE,Merged
scipy/scipy,kodonnell,9217,TRUE,Merged
scipy/scipy,kokorev,7009,TRUE,Merged
scipy/scipy,kshramt,4501,TRUE,Merged
scipy/scipy,ktritz,2808,TRUE,Merged
scipy/scipy,kyleaoman,8551,TRUE,Merged
scipy/scipy,lbellomo,9385,TRUE,Merged
scipy/scipy,lciti,6431,TRUE,Merged
scipy/scipy,leotrs,9351,TRUE,Merged
scipy/scipy,levelfour,4671,TRUE,Merged
scipy/scipy,ligon,3273,TRUE,Merged
scipy/scipy,lizzardius,4021,TRUE,Merged
scipy/scipy,lpsinger,8264,TRUE,Merged
scipy/scipy,ltiao,4984,TRUE,Merged
scipy/scipy,manipalsingh013,5770,TRUE,Merged
scipy/scipy,manns,4213,TRUE,Merged
scipy/scipy,martinosorb,8294,TRUE,Merged
scipy/scipy,MartinSavko,2992,TRUE,Merged
scipy/scipy,matmel,5733,TRUE,Merged
scipy/scipy,MatthewFlamm,9281,TRUE,Merged
scipy/scipy,matthias-k,3118,TRUE,Merged
scipy/scipy,mavischer,8738,TRUE,Merged
scipy/scipy,MeraX,6170,TRUE,Merged
scipy/scipy,mfeurer,4256,TRUE,Merged
scipy/scipy,michaelvmartin15,6100,TRUE,Merged
scipy/scipy,micklat,2879,TRUE,Merged
scipy/scipy,moble,4951,TRUE,Merged
scipy/scipy,mochr,8237,TRUE,Merged
scipy/scipy,morsecodist,8997,TRUE,Merged
scipy/scipy,mruffalo,6850,TRUE,Merged
scipy/scipy,msabramo,3019,TRUE,Merged
scipy/scipy,mspacek,5135,TRUE,Merged
scipy/scipy,mwtoews,8950,TRUE,Merged
scipy/scipy,nedlrichards,6300,TRUE,Merged
scipy/scipy,nelson-liu,5647,TRUE,Merged
scipy/scipy,nicodelpiano,3396,TRUE,Merged
scipy/scipy,Nodd,3033,TRUE,Merged
scipy/scipy,NPDW,9210,TRUE,Merged
scipy/scipy,orestisf1993,7353,TRUE,Merged
scipy/scipy,oyamad,4899,TRUE,Merged
scipy/scipy,pijyoi,9101,TRUE,Merged
scipy/scipy,pllim,8716,TRUE,Merged
scipy/scipy,polyatail,3057,TRUE,Merged
scipy/scipy,pschella,4977,TRUE,Merged
scipy/scipy,rafsanm,5205,TRUE,Merged
scipy/scipy,randyheydon,6911,TRUE,Merged
scipy/scipy,raphaelw,5347,TRUE,Merged
scipy/scipy,rohitjamuar,5392,TRUE,Merged
scipy/scipy,Rom4ik7,7254,TRUE,Merged
scipy/scipy,RonnyPfannschmidt,8870,TRUE,Merged
scipy/scipy,rupak0577,4405,TRUE,Merged
scipy/scipy,rvinas,8975,TRUE,Merged
scipy/scipy,safooray,6723,TRUE,Merged
scipy/scipy,samueljackson92,5118,TRUE,Merged
scipy/scipy,sargas,5139,TRUE,Merged
scipy/scipy,sdrap,2803,TRUE,Merged
scipy/scipy,sdvillal,5958,TRUE,Merged
scipy/scipy,sebp,3640,TRUE,Merged
scipy/scipy,shapiromh,3973,TRUE,Merged
scipy/scipy,solarjoe,5939,TRUE,Merged
scipy/scipy,sotte,3124,TRUE,Merged
scipy/scipy,SoumitraAgarwal,5398,TRUE,Merged
scipy/scipy,springcoil,6913,TRUE,Merged
scipy/scipy,ssalonen,6957,TRUE,Merged
scipy/scipy,ss-is-master-chief,8198,TRUE,Merged
scipy/scipy,steko,3008,TRUE,Merged
scipy/scipy,sv3ndk,6630,TRUE,Merged
scipy/scipy,synapticarbors,5082,TRUE,Merged
scipy/scipy,thomas-haslwanter,6033,TRUE,Merged
scipy/scipy,thomaspingel,6909,TRUE,Merged
scipy/scipy,thrasibule,7352,TRUE,Merged
scipy/scipy,tiagopereira,3446,TRUE,Merged
scipy/scipy,timbalam,6270,TRUE,Merged
scipy/scipy,timleslie,3050,TRUE,Merged
scipy/scipy,TomasTomecek,2968,TRUE,Merged
scipy/scipy,TomAugspurger,5813,TRUE,Merged
scipy/scipy,toslunar,8927,TRUE,Merged
scipy/scipy,trendelkampschroer,3843,TRUE,Merged
scipy/scipy,tretherington,8945,TRUE,Merged
scipy/scipy,tshauck,3664,TRUE,Merged
scipy/scipy,tyler-abbot,7383,TRUE,Merged
scipy/scipy,vals,3762,TRUE,Merged
scipy/scipy,vbarrielle,5484,TRUE,Merged
scipy/scipy,vedantrathore,7043,TRUE,Merged
scipy/scipy,vincentarelbundock,3098,TRUE,Merged
scipy/scipy,weinbe58,6509,TRUE,Merged
scipy/scipy,wesleywang1996,6116,TRUE,Merged
scipy/scipy,WilliamYi96,8248,TRUE,Merged
scipy/scipy,wimglenn,6601,TRUE,Merged
scipy/scipy,wiredfool,4385,TRUE,Merged
scipy/scipy,wirew0rm,6861,TRUE,Merged
scipy/scipy,wolever,6334,TRUE,Merged
scipy/scipy,ybeltukov,6855,TRUE,Merged
scipy/scipy,yotam,3408,TRUE,Merged
scipy/scipy,ytbaum,6885,TRUE,Merged
scipy/scipy,zblz,3650,TRUE,Merged
scipy/scipy,zerberros,5821,TRUE,Merged
WhisperSystems/Signal-iOS,footiecrazie,1817,TRUE,Merged
WhisperSystems/Signal-iOS,mattrubin,3873,TRUE,Merged
WhisperSystems/Signal-iOS,pawel-jurczyk,1440,TRUE,Merged
